url,spaces_id,title
https://twitter.com/i/spaces/1lDxLPbWolzxm,1lDxLPbWolzxm,ApeCoin Elections: Closing Soon
https://twitter.com/i/spaces/1OdKrjdVmzeKX,1OdKrjdVmzeKX,10KTF Teaching Tuesdayâ€™s ğŸ›: Guest @HodlrCollective + Discussion + Q&A
https://twitter.com/i/spaces/1nAKEalAEpgKL,1nAKEalAEpgKL,Parallel x ApeComms â€” ApeCoin DAO Elections
https://twitter.com/i/spaces/1YpKkwPnabmKj,1YpKkwPnabmKj,BendDAO x ApeComms - ApeCoin Election Space
https://twitter.com/i/spaces/1dRJZEoeAjXGB,1dRJZEoeAjXGB,ApeCoin ElectionChain
https://twitter.com/i/spaces/1BRJjPdYZlwKw,1BRJjPdYZlwKw,ApeCoin Election Day ğŸ¦ğŸ’™ğŸ¦ğŸ”Š
https://twitter.com/i/spaces/1BdGYrzRPZzJX,1BdGYrzRPZzJX,ApeCoin Chili Chain ğŸ¦ğŸ’™ğŸ¦ğŸ”Š
https://twitter.com/i/spaces/1eaJbgopPajxX,1eaJbgopPajxX,ApeCoin Bored (Token?)
https://twitter.com/i/spaces/1OwxWYZAVoMGQ,1OwxWYZAVoMGQ,ApeCoin DAO: ApeChain A-Team - Research, Deploy, Manage ApeChain
https://twitter.com/i/spaces/1YpJkwbrWVVJj,1YpJkwbrWVVJj,Mocaverse Mondays #21
https://twitter.com/i/spaces/1gqxvQwrjzwJB,1gqxvQwrjzwJB,Election Season and ApeChain(s) ğŸ¦ğŸ’™
https://twitter.com/i/spaces/1ZkJzjBZYDZJv,1ZkJzjBZYDZJv,ApeCoin AI Infrastructure ğŸ¦ğŸ’»
https://twitter.com/i/spaces/1gqxvQwrjzwJB,1gqxvQwrjzwJB,Election Season and ApeChain(s) ğŸ¦ğŸ’™
https://twitter.com/i/spaces/1dRKZMMNdVmxB,1dRKZMMNdVmxB,ApeCoin Community Hour #48 ğŸ¦ğŸ’™ğŸ¦ğŸ”Š
https://twitter.com/i/spaces/1mrGmyOVrNgGy,1mrGmyOVrNgGy,ApeCoin Elections AIPS ğŸ¦ğŸ’™ğŸ¦ğŸ”Š
https://twitter.com/i/spaces/1eaJbgDOebvxX,1eaJbgDOebvxX,Apecoin is Doomed
https://twitter.com/i/spaces/1lPKqbPaeMdGb,1lPKqbPaeMdGb,Apecoin
https://twitter.com/i/spaces/1gqGvQPWlWOKB,1gqGvQPWlWOKB,BendDAO x ApeComms - Open Space with Candidates
https://twitter.com/i/spaces/1zqKVqnQPeLxB,1zqKVqnQPeLxB,ğŸ€„ï¸Mahjong Sessions #29 ğŸ‡¹ğŸ‡¼ Post TBW BUIDLs @Metopia_xyz @WebverseNFT ğŸ› ï¸